Model No,Basic Model Name,Epochs,loss,categorical_accuracy,val_loss,val_categorical_accuracy,,
MODEL1,Basic Model-A,0,1.453449726,0.589873433,2.648942232,0.552083313,,
MODEL1,Basic Model-A,1,0.566376209,0.780108511,5.386453629,0.317708343,,
MODEL1,Basic Model-A,2,0.459603071,0.821338177,8.384958267,0.322048604,,
MODEL1,Basic Model-A,3,0.433213413,0.839421332,4.628088474,0.446180552,,
MODEL1,Basic Model-A,4,0.356221855,0.869439423,6.734727859,0.3125,,
MODEL1,Basic Model-A,5,0.344922632,0.87160939,5.351993561,0.319444448,,
MODEL1,Basic Model-A,6,0.314959168,0.884990931,4.330696106,0.469618052,,
MODEL1,Basic Model-A,7,0.317509562,0.884267628,3.63190341,0.576388896,,
MODEL1,Basic Model-A,8,0.324169904,0.878551126,7.574888229,0.323784709,,
MODEL1,Basic Model-A,9,0.297703147,0.897649169,6.48269558,0.322048604,,
MODEL1,Basic Model-A,10,0.271974206,0.9012658,5.934473038,0.386284709,,
MODEL1,Basic Model-A,11,0.264062226,0.906690776,5.608222485,0.372395843,,
MODEL1,Basic Model-A,12,0.26511997,0.911754072,6.402113914,0.316840291,,
MODEL1,Basic Model-A,13,0.239109471,0.919349015,9.084726334,0.315104157,,
MODEL1,Basic Model-A,14,0.240788653,0.918264031,6.009929657,0.494791657,,
MODEL1,Basic Model-A,15,0.224778771,0.925135612,6.215880871,0.487847209,,
MODEL1,Basic Model-A,16,0.230756328,0.923688948,5.439507008,0.509548604,,
MODEL1,Basic Model-A,17,0.236646637,0.917179048,6.736409664,0.322048604,,
MODEL1,Basic Model-A,18,0.224655107,0.920072317,3.110585451,0.421006948,,
MODEL1,Basic Model-A,19,0.221699089,0.922242343,6.395653725,0.444444448,,
MODEL1,Basic Model-A,20,0.245382547,0.91790235,4.474845409,0.631076396,,
MODEL1,Basic Model-A,21,0.20360668,0.921880662,4.078639507,0.624131918,,
MODEL1,Basic Model-A,22,0.198251829,0.933092237,3.541149855,0.621527791,,
MODEL1,Basic Model-A,23,0.197999015,0.932368875,1.763353825,0.654513896,,
MODEL1,Basic Model-A,24,0.209669322,0.928390622,3.343795776,0.640625,,
MODEL1,Basic Model-A,25,0.203479841,0.928390622,3.630354881,0.6171875,,
MODEL1,Basic Model-A,26,0.190334767,0.937793851,1.70061934,0.661458313,,
MODEL1,Basic Model-A,27,0.194066063,0.937070549,0.865176558,0.738715291,,
MODEL1,Basic Model-A,28,0.194369227,0.93092227,3.661624908,0.615451396,,
MODEL1,Basic Model-A,29,0.190934435,0.935985506,1.688197851,0.661458313,,
MODEL2,Basic Model-B,0,0.790375233,0.735262215,1.588872313,0.318576396,,
MODEL2,Basic Model-B,1,0.350243181,0.868716121,2.828291178,0.5703125,,
MODEL2,Basic Model-B,2,0.294763118,0.891139269,3.514718294,0.498263896,,
MODEL2,Basic Model-B,3,0.256545931,0.908735812,4.483370304,0.322916657,,
MODEL2,Basic Model-B,4,0.248108611,0.910669088,5.05074501,0.322916657,,
MODEL2,Basic Model-B,5,0.242402613,0.916094005,4.609525204,0.326388896,,
MODEL2,Basic Model-B,6,0.2215624,0.923327327,4.609165192,0.336805552,,
MODEL2,Basic Model-B,7,0.225208938,0.92441231,4.368046284,0.424479157,,
MODEL2,Basic Model-B,8,0.209473744,0.928028941,5.140511513,0.346354157,,
MODEL2,Basic Model-B,9,0.212109596,0.924773932,3.919435263,0.611111104,,
MODEL2,Basic Model-B,10,0.18337062,0.936347187,4.054478168,0.556423604,,
MODEL2,Basic Model-B,11,0.157440528,0.937793851,3.915763378,0.624131918,,
MODEL2,Basic Model-B,12,0.186329737,0.936434686,3.659167051,0.547743082,,
MODEL2,Basic Model-B,13,0.165349871,0.94068718,3.920658588,0.59375,,
MODEL2,Basic Model-B,14,0.157650292,0.94394213,3.066395998,0.625868082,,
MODEL2,Basic Model-B,15,0.160558909,0.946112096,4.42523098,0.546006918,,
MODEL2,Basic Model-B,16,0.172295749,0.940325499,3.405371189,0.634548604,,
MODEL2,Basic Model-B,17,0.166373774,0.940325499,3.900690794,0.611979187,,
MODEL2,Basic Model-B,18,0.156585589,0.94719708,3.278483391,0.635416687,,
MODEL2,Basic Model-B,19,0.163373172,0.942133844,3.443621874,0.647569418,,
MODEL2,Basic Model-B,20,0.148875967,0.950090408,0.289535701,0.908854187,,
MODEL2,Basic Model-B,21,0.1361202,0.954792023,1.015476704,0.698784709,,
MODEL2,Basic Model-B,22,0.11191795,0.959855318,2.218974829,0.598958313,,
MODEL2,Basic Model-B,23,0.122759536,0.956321001,2.697914362,0.519965291,,
MODEL2,Basic Model-B,24,0.14395152,0.949367106,2.780266762,0.641493082,,
MODEL2,Basic Model-B,25,0.125163138,0.955877006,3.528181314,0.502604187,,
MODEL2,Basic Model-B,26,0.122683026,0.952622056,1.010557771,0.552951396,,
MODEL2,Basic Model-B,27,0.110048749,0.964918613,1.041073322,0.526909709,,
MODEL2,Basic Model-B,28,0.119467743,0.959493697,2.953885794,0.622395813,,
MODEL2,Basic Model-B,29,0.1354056,0.954792023,2.605325937,0.618055582,,
MODEL3,Basic Model-C,0,1.791703105,0.630741417,2.045836687,0.597222209,,
MODEL3,Basic Model-C,1,1.146661282,0.763849437,1.040211082,0.606770813,,
MODEL3,Basic Model-C,2,0.680578291,0.791681707,1.770933986,0.590277791,,
MODEL3,Basic Model-C,3,0.554920971,0.824231446,5.270439148,0.576388896,,
MODEL3,Basic Model-C,4,0.50745666,0.82567811,8.26766777,0.611979187,,
MODEL3,Basic Model-C,5,0.406476349,0.844846308,9.329237938,0.569444418,,
MODEL3,Basic Model-C,6,0.437882453,0.84882462,10.84492302,0.513888896,,
MODEL3,Basic Model-C,7,0.434834331,0.843037963,14.11985111,0.620659709,,
MODEL3,Basic Model-C,8,0.383505374,0.870162725,12.81358624,0.611979187,,
MODEL3,Basic Model-C,9,0.397814661,0.852802873,14.16231441,0.625868082,,
MODEL3,Basic Model-C,10,0.455510855,0.851356268,12.1323328,0.53125,,
MODEL3,Basic Model-C,11,0.404034913,0.869077742,16.03043556,0.576388896,,
MODEL3,Basic Model-C,12,0.439563066,0.859674513,10.14250565,0.547743082,,
MODEL3,Basic Model-C,13,0.364890754,0.8813743,10.19813347,0.592013896,,
MODEL3,Basic Model-C,14,0.344027609,0.884629309,6.791028023,0.6171875,,
MODEL3,Basic Model-C,15,0.293038338,0.898372531,5.582818508,0.615451396,,
MODEL3,Basic Model-C,16,0.283991098,0.896202505,5.307994366,0.614583313,,
MODEL3,Basic Model-C,17,0.292636037,0.894032538,6.641438007,0.524305582,,
MODEL3,Basic Model-C,18,0.293605804,0.889330924,4.271827221,0.5859375,,
MODEL3,Basic Model-C,19,0.302727729,0.899457514,5.302289963,0.5546875,,
MODEL3,Basic Model-C,20,0.27564919,0.900904179,10.32550526,0.394097209,,
MODEL3,Basic Model-C,21,0.263805836,0.913924038,7.167597294,0.4609375,,
MODEL3,Basic Model-C,22,0.284261465,0.899457514,8.581618309,0.347222209,,
MODEL3,Basic Model-C,23,0.267278194,0.907052457,3.953118563,0.336805552,,
MODEL3,Basic Model-C,24,0.269522488,0.901627481,2.354943514,0.642361104,,
MODEL3,Basic Model-C,25,0.244161367,0.917540669,1.033220887,0.722222209,,
MODEL3,Basic Model-C,26,0.255720943,0.907052457,2.849413157,0.4765625,,
MODEL3,Basic Model-C,27,0.244823232,0.915732384,0.925530314,0.722222209,,
MODEL3,Basic Model-C,28,0.255604386,0.915732384,0.694746494,0.723090291,,
MODEL3,Basic Model-C,29,0.242298484,0.917179048,0.955101252,0.689236104,,
MODEL4,Basic Model-D,0,1.026474476,0.507777393,0.732185721,0.850565434,,
MODEL4,Basic Model-D,1,0.803910017,0.742827535,0.69386518,0.861066222,,
MODEL4,Basic Model-D,2,0.723310351,0.829243004,0.699186087,0.850565434,,
MODEL4,Basic Model-D,3,0.726571023,0.824058056,0.661240757,0.891760886,,
MODEL4,Basic Model-D,4,0.727526724,0.819910109,0.665737808,0.886914372,,
MODEL4,Basic Model-D,5,0.718049824,0.829934299,0.729785442,0.810985446,,
MODEL4,Basic Model-D,6,0.696507871,0.85482198,0.653103113,0.897415161,,
MODEL4,Basic Model-D,7,0.713109374,0.833736598,0.653119266,0.897415161,,
MODEL4,Basic Model-D,8,0.73259455,0.81230557,0.656930387,0.89337641,,
MODEL4,Basic Model-D,9,0.714962423,0.8347736,0.692987323,0.856219709,,
MODEL4,Basic Model-D,10,0.705115259,0.844106436,0.689110279,0.861873984,,
MODEL4,Basic Model-D,11,0.699128389,0.850674033,0.652740419,0.899030685,,
MODEL4,Basic Model-D,12,0.696427107,0.851711035,0.652461112,0.897415161,,
MODEL4,Basic Model-D,13,0.684136033,0.866228819,0.658465743,0.886914372,,
MODEL4,Basic Model-D,14,0.688193142,0.863463521,0.657981098,0.89337641,,
MODEL4,Basic Model-D,15,0.701294482,0.847217441,0.654313445,0.897415161,,
MODEL4,Basic Model-D,16,0.674838126,0.87729001,0.691681027,0.858642995,,
MODEL4,Basic Model-D,17,0.678009629,0.869685471,0.710225821,0.839256883,,
MODEL4,Basic Model-D,18,0.696167111,0.854476333,0.663875759,0.885298848,,
MODEL4,Basic Model-D,19,0.701386094,0.848254383,0.710490704,0.840064645,,
MODEL4,Basic Model-D,20,0.677060366,0.876253009,0.697682261,0.850565434,,
MODEL4,Basic Model-D,21,0.675524354,0.872796416,0.671842098,0.87156707,,
MODEL4,Basic Model-D,22,0.659901142,0.891462147,0.650800049,0.90064621,,
MODEL4,Basic Model-D,23,0.678374588,0.87106812,0.696436644,0.851373196,,
MODEL4,Basic Model-D,24,0.662435055,0.888005555,0.664187253,0.882875621,,
MODEL4,Basic Model-D,25,0.668247461,0.881437957,0.681293666,0.86752826,,
MODEL4,Basic Model-D,26,0.664493382,0.88489455,0.654344082,0.898222923,,
MODEL4,Basic Model-D,27,0.667954981,0.882820606,0.64280802,0.907108247,,
MODEL4,Basic Model-D,28,0.660010695,0.889388204,0.638517141,0.912762523,,
MODEL4,Basic Model-D,29,0.663938165,0.888351202,0.722732008,0.826332808,,
MODEL4,Basic Model-D,30,0.672044456,0.87729001,0.642874479,0.907916009,,
MODEL4,Basic Model-D,31,0.658498466,0.893190444,0.643746912,0.905492723,,
MODEL4,Basic Model-D,32,0.662639081,0.889042497,0.663215697,0.882875621,,
MODEL4,Basic Model-D,33,0.667823255,0.883166254,0.692687571,0.857027471,,
MODEL4,Basic Model-D,34,0.664656758,0.885240257,0.643276215,0.907916009,,
MODEL4,Basic Model-D,35,0.664232075,0.8873142,0.65283078,0.896607459,,
MODEL4,Basic Model-D,36,0.6576401,0.89491874,0.670229197,0.878029108,,
MODEL4,Basic Model-D,37,0.657672226,0.893190444,0.66275245,0.887722135,,
MODEL4,Basic Model-D,38,0.65703845,0.893190444,0.634630084,0.915993512,,
MODEL4,Basic Model-D,39,0.658481181,0.890770853,0.653595805,0.894991934,,
MODEL4,Basic Model-D,40,0.651831448,0.898029745,0.661357224,0.887722135,,
MODEL4,Basic Model-D,41,0.645961404,0.906671286,0.671822667,0.875605822,,
MODEL4,Basic Model-D,42,0.653900087,0.897684038,0.661718488,0.885298848,,
MODEL4,Basic Model-D,43,0.652446926,0.898721039,0.674289882,0.875605822,,
MODEL4,Basic Model-D,44,0.655924022,0.895610094,0.651685297,0.898222923,,
MODEL4,Basic Model-D,45,0.645195067,0.905634284,0.655300677,0.894991934,,
MODEL4,Basic Model-D,46,0.662971437,0.8873142,0.641768754,0.907108247,,
MODEL4,Basic Model-D,47,0.661795855,0.889388204,0.650696397,0.899838448,,
MODEL4,Basic Model-D,48,0.653452396,0.89491874,0.653313339,0.90064621,,
MODEL4,Basic Model-D,49,0.649212778,0.901486337,0.655565619,0.895799696,,
MODEL5,VGG-16-A,0,0.634790123,0.785171807,0.539073765,0.78675282,,
MODEL5,VGG-16-A,1,0.535115957,0.827848077,0.514799476,0.770597756,,
MODEL5,VGG-16-A,2,0.483582139,0.840867996,0.466801792,0.817447484,,
MODEL5,VGG-16-A,3,0.447681993,0.850271225,0.484656304,0.774636507,,
MODEL5,VGG-16-A,4,0.416612923,0.862567782,0.440214843,0.806946695,,
MODEL5,VGG-16-A,5,0.390931249,0.866546094,0.460667878,0.798061371,,
MODEL5,VGG-16-A,6,0.379233211,0.877757668,0.439747602,0.809369981,,
MODEL5,VGG-16-A,7,0.365006089,0.873056054,0.424142182,0.822293997,,
MODEL5,VGG-16-A,8,0.356525481,0.882459342,0.408553183,0.832794845,,
MODEL5,VGG-16-A,9,0.342416883,0.884629309,0.448007315,0.810177684,,
MODEL5,VGG-16-A,10,0.339531571,0.879566014,0.422556728,0.823101759,,
MODEL5,VGG-16-A,11,0.323330939,0.888139188,0.401011258,0.828756034,,
MODEL5,VGG-16-A,12,0.331345022,0.88824594,0.401729614,0.827948332,,
MODEL5,VGG-16-A,13,0.319291621,0.890415907,0.412301481,0.824717283,,
MODEL5,VGG-16-A,14,0.313058168,0.894032538,0.423879296,0.817447484,,
MODEL5,VGG-16-A,15,0.296799868,0.906690776,0.437076062,0.815831959,,
MODEL5,VGG-16-A,16,0.306939214,0.892224252,0.428690463,0.819063008,,
MODEL5,VGG-16-A,17,0.298620641,0.902350843,0.406173885,0.826332808,,
MODEL5,VGG-16-A,18,0.286687315,0.902350843,0.416385531,0.823101759,,
MODEL5,VGG-16-A,19,0.293830782,0.895840883,0.435930729,0.811793208,,
MODEL5,VGG-16-A,20,0.284254849,0.901989162,0.441500306,0.814216495,,
MODEL5,VGG-16-A,21,0.286505491,0.902350843,0.381884873,0.838449121,,
MODEL5,VGG-16-A,22,0.282879233,0.904159129,0.416930616,0.823101759,,
MODEL5,VGG-16-A,23,0.276327133,0.900904179,0.437102973,0.815831959,,
MODEL5,VGG-16-A,24,0.268799484,0.905605793,0.399916053,0.828756034,,
MODEL5,VGG-16-A,25,0.266151816,0.910669088,0.397288412,0.831179321,,
MODEL5,VGG-16-A,26,0.271133095,0.912115753,0.384877205,0.836833596,,
MODEL5,VGG-16-A,27,0.264477879,0.906329095,0.393555492,0.832794845,,
MODEL5,VGG-16-A,28,0.264593095,0.912839055,0.386404186,0.839256883,,
MODEL5,VGG-16-A,29,0.261875957,0.90777576,0.358754873,0.851373196,,
MODEL5,VGG-16-A,30,0.260604471,0.906690776,0.364861429,0.848142147,,
MODEL5,VGG-16-A,31,0.26055479,0.90777576,0.398052394,0.837641358,,
MODEL5,VGG-16-A,32,0.259803832,0.907052457,0.430308491,0.818255246,,
MODEL5,VGG-16-A,33,0.257692575,0.906329095,0.329373688,0.874798059,,
MODEL5,VGG-16-A,34,0.244723037,0.916817367,0.352244854,0.864297271,,
MODEL5,VGG-16-A,35,0.252284169,0.913924038,0.34760651,0.861066222,,
MODEL5,VGG-16-A,36,0.24061422,0.914285719,0.369180769,0.849757671,,
MODEL5,VGG-16-A,37,0.24960418,0.912115753,0.375970632,0.848949909,,
MODEL5,VGG-16-A,38,0.243062124,0.917540669,0.370692283,0.849757671,,
MODEL5,VGG-16-A,39,0.250061929,0.912839055,0.42759943,0.819063008,,
MODEL5,VGG-16-A,40,0.243535593,0.913200736,0.370958656,0.847334385,,
MODEL5,VGG-16-A,41,0.23452954,0.922242343,0.366341621,0.856219709,,
MODEL5,VGG-16-A,42,0.24103041,0.916817367,0.339738637,0.864297271,,
MODEL5,VGG-16-A,43,0.239238977,0.916817367,0.36932236,0.852180958,,
MODEL5,VGG-16-A,44,0.233270258,0.925135612,0.379360467,0.840872347,,
MODEL5,VGG-16-A,45,0.223080203,0.921880662,0.366479099,0.85298872,,
MODEL5,VGG-16-A,46,0.235196516,0.91790235,0.382309318,0.840872347,,
MODEL5,VGG-16-A,47,0.233529985,0.922603965,0.399737746,0.827948332,,
MODEL5,VGG-16-A,48,0.239075631,0.918625653,0.379232258,0.848142147,,
MODEL5,VGG-16-A,49,0.234418228,0.91790235,0.379431307,0.844911158,,
MODEL5,VGG-16-A,50,0.233389691,0.924773932,0.394036114,0.838449121,,
MODEL5,VGG-16-A,51,0.227301121,0.92441231,0.343537271,0.864297271,,
MODEL5,VGG-16-A,52,0.229523599,0.917179048,0.355577618,0.857027471,,
MODEL5,VGG-16-A,53,0.23025322,0.918264031,0.346429139,0.861873984,,
MODEL5,VGG-16-A,54,0.234691724,0.916817367,0.356419474,0.857027471,,
MODEL5,VGG-16-A,55,0.218270659,0.9211573,0.372755647,0.850565434,,
MODEL5,VGG-16-A,56,0.224701375,0.920433998,0.336641192,0.873990297,,
MODEL5,VGG-16-A,57,0.234024286,0.921518981,0.3487809,0.861873984,,
MODEL5,VGG-16-A,58,0.234476328,0.917540669,0.351770163,0.861066222,,
MODEL5,VGG-16-A,59,0.232291266,0.916094005,0.356566072,0.857027471,,
MODEL5,VGG-16-A,60,0.221315414,0.925135612,0.362078518,0.85298872,,
MODEL5,VGG-16-A,61,0.221335456,0.924773932,0.38199535,0.843295634,,
MODEL5,VGG-16-A,62,0.225900114,0.916455686,0.371164709,0.84571892,,
MODEL5,VGG-16-A,63,0.225563139,0.922242343,0.323465407,0.882067859,,
MODEL5,VGG-16-A,64,0.21135284,0.926491499,0.372991771,0.846526682,,
MODEL5,VGG-16-A,65,0.223504245,0.921518981,0.370726377,0.844103396,,
MODEL5,VGG-16-A,66,0.220114753,0.925135612,0.372657239,0.848949909,,
MODEL5,VGG-16-A,67,0.224076524,0.92441231,0.34723407,0.863489509,,
MODEL5,VGG-16-A,68,0.219305888,0.922965646,0.360354722,0.853796422,,
MODEL5,VGG-16-A,69,0.214427456,0.931283891,0.374439776,0.849757671,,
MODEL5,VGG-16-A,70,0.208490223,0.923688948,0.327005565,0.873990297,,
MODEL5,VGG-16-A,71,0.215864256,0.920433998,0.327132583,0.877221346,,
MODEL5,VGG-16-A,72,0.222457081,0.922603965,0.441253871,0.815831959,,
MODEL5,VGG-16-A,73,0.213683024,0.928752244,0.356343836,0.85298872,,
MODEL5,VGG-16-A,74,0.204247206,0.93092227,0.321695,0.882067859,,
MODEL5,VGG-16-A,75,0.204856992,0.933453918,0.36630556,0.848949909,,
MODEL5,VGG-16-A,76,0.211339951,0.926220596,0.335407794,0.873182535,,
MODEL5,VGG-16-A,77,0.204446644,0.933815539,0.350780189,0.861873984,,
MODEL5,VGG-16-A,78,0.201622143,0.932730556,0.385861963,0.840064645,,
MODEL5,VGG-16-A,79,0.201590717,0.930560589,0.36850521,0.852180958,,
MODEL5,VGG-16-A,80,0.202559412,0.931645572,0.34759742,0.865912735,,
MODEL5,VGG-16-A,81,0.206678391,0.931283891,0.338032871,0.873182535,,
MODEL5,VGG-16-A,82,0.214404404,0.925497293,0.353739828,0.86752826,,
MODEL5,VGG-16-A,83,0.209824756,0.928390622,0.359202832,0.864297271,,
MODEL5,VGG-16-A,84,0.209828839,0.924773932,0.324581772,0.881260097,,
MODEL5,VGG-16-A,85,0.213680863,0.925135612,0.402564317,0.836833596,,
MODEL5,VGG-16-A,86,0.210816532,0.932007253,0.430324912,0.823909521,,
MODEL5,VGG-16-A,87,0.204451993,0.928267062,0.393718541,0.84168011,,
MODEL5,VGG-16-A,88,0.214781582,0.922603965,0.348484844,0.862681746,,
MODEL5,VGG-16-A,89,0.2127195,0.930560589,0.363196343,0.865912735,,
MODEL5,VGG-16-A,90,0.199888706,0.933453918,0.367297918,0.852180958,,
MODEL5,VGG-16-A,91,0.205152407,0.930198908,0.412471414,0.831179321,,
MODEL5,VGG-16-A,92,0.207845524,0.931283891,0.429348052,0.824717283,,
MODEL5,VGG-16-A,93,0.203838378,0.930560589,0.372234762,0.850565434,,
MODEL5,VGG-16-A,94,0.210198104,0.930198908,0.348782152,0.869951546,,
MODEL5,VGG-16-A,95,0.193091676,0.936347187,0.374122292,0.85298872,,
MODEL5,VGG-16-A,96,0.194006398,0.93092227,0.325781077,0.878029108,,
MODEL5,VGG-16-A,97,0.211648375,0.922965646,0.33627668,0.877221346,,
MODEL5,VGG-16-A,98,0.211703867,0.926220596,0.398089617,0.835218072,,
MODEL5,VGG-16-A,99,0.194003582,0.937793851,0.352638811,0.859450698,,
MODEL6,VGG-16-B,0,0.879090786,0.643399656,0.649243355,0.741319418,,
MODEL6,VGG-16-B,1,0.59343034,0.806871593,0.527150571,0.767361104,,
MODEL6,VGG-16-B,2,0.514046967,0.830018103,0.536195457,0.743055582,,
MODEL6,VGG-16-B,3,0.447014332,0.851356268,0.520758152,0.749131918,,
MODEL6,VGG-16-B,4,0.416238576,0.860440314,0.489165157,0.763888896,,
MODEL6,VGG-16-B,5,0.400077492,0.858951151,0.479239464,0.783854187,,
MODEL6,VGG-16-B,6,0.374251783,0.870886087,0.450561851,0.796006918,,
MODEL6,VGG-16-B,7,0.36575079,0.872694373,0.458859384,0.786458313,,
MODEL6,VGG-16-B,8,0.350581646,0.8813743,0.471595079,0.782118082,,
MODEL6,VGG-16-B,9,0.347257882,0.886075974,0.424415946,0.811631918,,
MODEL6,VGG-16-B,10,0.330541968,0.884990931,0.464094043,0.795138896,,
MODEL6,VGG-16-B,11,0.327642441,0.880289316,0.46732527,0.794270813,,
MODEL6,VGG-16-B,12,0.316172868,0.88824594,0.495211661,0.777777791,,
MODEL6,VGG-16-B,13,0.313228369,0.886799276,0.412539601,0.817708313,,
MODEL6,VGG-16-B,14,0.311781555,0.88824594,0.369031757,0.84375,,
MODEL6,VGG-16-B,15,0.309315145,0.893309236,0.403336525,0.821180582,,
MODEL6,VGG-16-B,16,0.300196499,0.885352612,0.416611344,0.8125,,
MODEL6,VGG-16-B,17,0.2890414,0.893670857,0.432275802,0.811631918,,
MODEL6,VGG-16-B,18,0.273317695,0.906690776,0.414522558,0.813368082,,
MODEL6,VGG-16-B,19,0.297127694,0.895479202,0.385268092,0.833333313,,
MODEL6,VGG-16-B,20,0.270945817,0.906690776,0.434115559,0.814236104,,
MODEL6,VGG-16-B,21,0.276699156,0.90452081,0.410054684,0.815104187,,
MODEL6,VGG-16-B,22,0.27792567,0.904159129,0.432701737,0.809027791,,
MODEL6,VGG-16-B,23,0.263319701,0.9146474,0.445974976,0.799479187,,
MODEL6,VGG-16-B,24,0.274145037,0.902698874,0.405878067,0.821180582,,
MODEL6,VGG-16-B,25,0.262519717,0.906690776,0.408450246,0.823784709,,
MODEL6,VGG-16-B,26,0.260471612,0.907052457,0.370834559,0.841145813,,
MODEL6,VGG-16-B,27,0.252990305,0.915009022,0.362012029,0.850694418,,
MODEL6,VGG-16-B,28,0.259786695,0.909222424,0.383110434,0.836805582,,
MODEL6,VGG-16-B,29,0.263790548,0.907414079,0.38788712,0.837673604,,
MODEL6,VGG-16-B,30,0.25048542,0.913924038,0.379941523,0.842881918,,
MODEL6,VGG-16-B,31,0.250913769,0.908137441,0.417312533,0.823784709,,
MODEL6,VGG-16-B,32,0.255931735,0.902712464,0.363871276,0.842013896,,
MODEL6,VGG-16-B,33,0.24345015,0.914285719,0.406152248,0.828125,,
MODEL6,VGG-16-B,34,0.249593839,0.916094005,0.378305584,0.841145813,,
MODEL6,VGG-16-B,35,0.259419948,0.911931813,0.394770652,0.825520813,,
MODEL6,VGG-16-B,36,0.247194722,0.914285719,0.365583777,0.848090291,,
MODEL6,VGG-16-B,37,0.237905905,0.916455686,0.392213941,0.831597209,,
MODEL6,VGG-16-B,38,0.237787321,0.915009022,0.388138533,0.8359375,,
MODEL6,VGG-16-B,39,0.237321436,0.919349015,0.402193844,0.828993082,,
MODEL6,VGG-16-B,40,0.238898754,0.918264031,0.337009609,0.861979187,,
MODEL6,VGG-16-B,41,0.235057771,0.920072317,0.411340177,0.828125,,
MODEL6,VGG-16-B,42,0.245016858,0.9146474,0.392280519,0.839409709,,
MODEL6,VGG-16-B,43,0.228246689,0.920795679,0.373577863,0.842881918,,
MODEL6,VGG-16-B,44,0.238844141,0.91790235,0.336986989,0.8671875,,
MODEL6,VGG-16-B,45,0.231964648,0.919349015,0.321381301,0.878472209,,
MODEL6,VGG-16-B,46,0.231538966,0.920433998,0.340464354,0.871527791,,
MODEL6,VGG-16-B,47,0.232220963,0.914285719,0.398524642,0.830729187,,
MODEL6,VGG-16-B,48,0.233091384,0.920795679,0.352039397,0.864583313,,
MODEL6,VGG-16-B,49,0.224789679,0.920433998,0.398642898,0.832465291,,
MODEL6,VGG-16-B,50,0.229392454,0.922965646,0.348653913,0.862847209,,
MODEL6,VGG-16-B,51,0.234140262,0.9146474,0.341278493,0.862847209,,
MODEL6,VGG-16-B,52,0.228265628,0.923327327,0.360450029,0.854166687,,
MODEL6,VGG-16-B,53,0.228615642,0.919349015,0.387758851,0.838541687,,
MODEL6,VGG-16-B,54,0.22587429,0.921519876,0.365638793,0.853298604,,
MODEL6,VGG-16-B,55,0.229146689,0.916817367,0.399263322,0.835069418,,
MODEL6,VGG-16-B,56,0.221334979,0.925135612,0.400875747,0.836805582,,
MODEL6,VGG-16-B,57,0.213252857,0.925858974,0.384067237,0.845486104,,
MODEL6,VGG-16-B,58,0.214483768,0.928390622,0.401822448,0.8359375,,
MODEL6,VGG-16-B,59,0.231982335,0.921880662,0.42434594,0.825520813,,
MODEL6,VGG-16-B,60,0.220232144,0.929113925,0.34459269,0.874131918,,
MODEL6,VGG-16-B,61,0.221005097,0.923327327,0.352108657,0.862847209,,
MODEL6,VGG-16-B,62,0.225469977,0.924050629,0.351360857,0.858506918,,
MODEL6,VGG-16-B,63,0.212644711,0.931283891,0.401444018,0.826388896,,
MODEL6,VGG-16-B,64,0.2072317,0.928752244,0.33912164,0.864583313,,
MODEL6,VGG-16-B,65,0.213886991,0.922242343,0.336503237,0.877604187,,
MODEL6,VGG-16-B,66,0.219606921,0.927305579,0.350277245,0.860243082,,
MODEL6,VGG-16-B,67,0.20979178,0.928028941,0.358352542,0.856770813,,
MODEL6,VGG-16-B,68,0.210612774,0.927305579,0.324451238,0.878472209,,
MODEL6,VGG-16-B,69,0.21040611,0.932528436,0.379824042,0.844618082,,
MODEL6,VGG-16-B,70,0.205941841,0.925135612,0.379154444,0.846354187,,
MODEL6,VGG-16-B,71,0.220028818,0.923327327,0.360421896,0.860243082,,
MODEL6,VGG-16-B,72,0.211448073,0.929113925,0.329193413,0.871527791,,
MODEL6,VGG-16-B,73,0.214103818,0.93092227,0.316931754,0.881944418,,
MODEL6,VGG-16-B,74,0.20736818,0.926846564,0.364283651,0.862847209,,
MODEL6,VGG-16-B,75,0.216856539,0.925858974,0.368728846,0.855034709,,
MODEL6,VGG-16-B,76,0.20847261,0.92766726,0.322022557,0.878472209,,
MODEL6,VGG-16-B,77,0.209582955,0.928752244,0.363279194,0.854166687,,
MODEL6,VGG-16-B,78,0.208263963,0.930560589,0.380524129,0.840277791,,
MODEL6,VGG-16-B,79,0.212497398,0.924773932,0.314913332,0.881076396,,
MODEL6,VGG-16-B,80,0.213214412,0.927305579,0.361165851,0.855902791,,
MODEL6,VGG-16-B,81,0.215190783,0.924773932,0.357441604,0.863715291,,
MODEL6,VGG-16-B,82,0.212649971,0.92766726,0.348400623,0.869791687,,
MODEL6,VGG-16-B,83,0.198009983,0.93417722,0.380206883,0.840277791,,
MODEL6,VGG-16-B,84,0.193401664,0.938517153,0.379941612,0.853298604,,
MODEL6,VGG-16-B,85,0.213333935,0.92766726,0.374669552,0.852430582,,
MODEL6,VGG-16-B,86,0.20001252,0.928390622,0.326119751,0.875,,
MODEL6,VGG-16-B,87,0.204836905,0.932730556,0.373448789,0.850694418,,
MODEL6,VGG-16-B,88,0.195048377,0.936079562,0.374719888,0.8515625,,
MODEL6,VGG-16-B,89,0.20181337,0.929475605,0.40796417,0.831597209,,
MODEL6,VGG-16-B,90,0.200799435,0.93417722,0.354319096,0.859375,,
MODEL6,VGG-16-B,91,0.202277064,0.932368875,0.35917002,0.854166687,,
MODEL6,VGG-16-B,92,0.200552359,0.92766726,0.345030129,0.865451396,,
MODEL6,VGG-16-B,93,0.200095519,0.929475605,0.375286102,0.848090291,,
MODEL6,VGG-16-B,94,0.190921903,0.937070549,0.333542287,0.877604187,,
MODEL6,VGG-16-B,95,0.203146145,0.93092227,0.347542077,0.866319418,,
MODEL6,VGG-16-B,96,0.202255934,0.928752244,0.418261409,0.824652791,,
MODEL6,VGG-16-B,97,0.191318333,0.932368875,0.356440425,0.859375,,
MODEL6,VGG-16-B,98,0.194519818,0.938878834,0.366646618,0.860243082,,
MODEL6,VGG-16-B,99,0.194447607,0.933815539,0.370619625,0.852430582,,
MODEL6,VGG-16-B,100,0.191642955,0.937070549,0.352397263,0.859375,,
MODEL6,VGG-16-B,101,0.190228343,0.933453918,0.342629045,0.865451396,,
MODEL6,VGG-16-B,102,0.201492772,0.929113925,0.36703223,0.852430582,,
MODEL6,VGG-16-B,103,0.197473675,0.93417722,0.366742253,0.853298604,,
MODEL6,VGG-16-B,104,0.196717128,0.932007253,0.362584949,0.853298604,,
MODEL6,VGG-16-B,105,0.202424079,0.932007253,0.367045343,0.849826396,,
MODEL6,VGG-16-B,106,0.195072383,0.930198908,0.383385837,0.849826396,,
MODEL6,VGG-16-B,107,0.190656021,0.938517153,0.365557432,0.860243082,,
MODEL6,VGG-16-B,108,0.192682222,0.937070549,0.318294466,0.883680582,,
MODEL6,VGG-16-B,109,0.202025518,0.931818187,0.353471875,0.864583313,,
MODEL6,VGG-16-B,110,0.195221484,0.933092237,0.37846753,0.846354187,,
MODEL6,VGG-16-B,111,0.19481419,0.933092237,0.391628027,0.84375,,
MODEL6,VGG-16-B,112,0.185880154,0.937070549,0.335962743,0.868055582,,
MODEL6,VGG-16-B,113,0.198444977,0.93092227,0.326399535,0.878472209,,
MODEL6,VGG-16-B,114,0.20007953,0.931283891,0.318514436,0.884548604,,
MODEL6,VGG-16-B,115,0.192089707,0.935623884,0.348787516,0.868923604,,
MODEL6,VGG-16-B,116,0.189777613,0.936708868,0.376814038,0.848958313,,
MODEL6,VGG-16-B,117,0.192289174,0.93417722,0.32806012,0.874131918,,
MODEL6,VGG-16-B,118,0.196467444,0.936347187,0.352855325,0.855902791,,
MODEL6,VGG-16-B,119,0.187080786,0.94068718,0.310643226,0.881944418,,
MODEL6,VGG-16-B,120,0.1854745,0.940325499,0.361352086,0.857638896,,
MODEL6,VGG-16-B,121,0.191934884,0.934900522,0.369030595,0.860243082,,
MODEL6,VGG-16-B,122,0.200596735,0.924050629,0.367763907,0.859375,,
MODEL6,VGG-16-B,123,0.198593095,0.931645572,0.358570248,0.863715291,,
MODEL6,VGG-16-B,124,0.193507403,0.929837227,0.391661435,0.837673604,,
MODEL6,VGG-16-B,125,0.21173802,0.928390622,0.324206889,0.884548604,,
MODEL6,VGG-16-B,126,0.178248137,0.938155532,0.365305513,0.854166687,,
MODEL6,VGG-16-B,127,0.188811868,0.936708868,0.353377759,0.862847209,,
MODEL6,VGG-16-B,128,0.177766711,0.935985506,0.348981977,0.873263896,,
MODEL6,VGG-16-B,129,0.18384698,0.930198908,0.368409485,0.862847209,,
MODEL6,VGG-16-B,130,0.187029064,0.941048801,0.324516028,0.883680582,,
MODEL6,VGG-16-B,131,0.182712719,0.936708868,0.360898137,0.864583313,,
MODEL6,VGG-16-B,132,0.183133736,0.932007253,0.331423908,0.880208313,,
MODEL6,VGG-16-B,133,0.194650099,0.934538901,0.33556357,0.873263896,,
MODEL6,VGG-16-B,134,0.173975289,0.942495465,0.383190751,0.853298604,,
MODEL6,VGG-16-B,135,0.193603665,0.93417722,0.329109043,0.8828125,,
MODEL6,VGG-16-B,136,0.18461524,0.936708868,0.310177058,0.887152791,,
MODEL6,VGG-16-B,137,0.191980749,0.934538901,0.385783702,0.847222209,,
MODEL6,VGG-16-B,138,0.17416048,0.940325499,0.357498169,0.8671875,,
MODEL6,VGG-16-B,139,0.180104598,0.936347187,0.346897632,0.868055582,,
MODEL6,VGG-16-B,140,0.179361835,0.940340936,0.316622913,0.8828125,,
MODEL6,VGG-16-B,141,0.193885177,0.932368875,0.381558746,0.845486104,,
MODEL6,VGG-16-B,142,0.19344379,0.93092227,0.362421483,0.853298604,,
MODEL6,VGG-16-B,143,0.183397844,0.936708868,0.330799788,0.878472209,,
MODEL6,VGG-16-B,144,0.186085835,0.934900522,0.377545506,0.861111104,,
MODEL6,VGG-16-B,145,0.185259268,0.937793851,0.354788989,0.860243082,,
MODEL6,VGG-16-B,146,0.190040499,0.933092237,0.367101729,0.857638896,,
MODEL6,VGG-16-B,147,0.176479205,0.939602196,0.410740376,0.838541687,,
MODEL6,VGG-16-B,148,0.195404947,0.934538901,0.381053865,0.852430582,,
MODEL6,VGG-16-B,149,0.181206048,0.939963818,0.301146775,0.888020813,,
MODEL6,VGG-16-B,150,0.184716597,0.938155532,0.363482088,0.859375,,
MODEL6,VGG-16-B,151,0.186184466,0.931283891,0.376271904,0.845486104,,
MODEL6,VGG-16-B,152,0.171023712,0.943218827,0.372869134,0.856770813,,
MODEL6,VGG-16-B,153,0.180017635,0.935623884,0.363343179,0.857638896,,
MODEL6,VGG-16-B,154,0.177729174,0.939240515,0.362388134,0.857638896,,
MODEL6,VGG-16-B,155,0.187624037,0.937793851,0.348399788,0.868923604,,
MODEL6,VGG-16-B,156,0.183240354,0.937070549,0.331165344,0.879340291,,
MODEL6,VGG-16-B,157,0.180258721,0.939602196,0.384581029,0.847222209,,
MODEL6,VGG-16-B,158,0.177438125,0.939240515,0.384489357,0.842881918,,
MODEL6,VGG-16-B,159,0.185747817,0.939963818,0.377463937,0.852430582,,
MODEL6,VGG-16-B,160,0.17881158,0.943218827,0.377957106,0.852430582,,
MODEL6,VGG-16-B,161,0.187243849,0.937070549,0.351105481,0.868055582,,
MODEL6,VGG-16-B,162,0.17733337,0.937070549,0.314773649,0.884548604,,
MODEL6,VGG-16-B,163,0.18683885,0.934538901,0.329666257,0.878472209,,
MODEL6,VGG-16-B,164,0.17842932,0.934538901,0.361843497,0.859375,,
MODEL6,VGG-16-B,165,0.188090503,0.93743217,0.405509442,0.836805582,,
MODEL6,VGG-16-B,166,0.195370376,0.933453918,0.371207982,0.855034709,,
MODEL6,VGG-16-B,167,0.17871277,0.934538901,0.370810091,0.861979187,,
MODEL6,VGG-16-B,168,0.179368779,0.937144876,0.322872519,0.880208313,,
MODEL6,VGG-16-B,169,0.181688398,0.936708868,0.336680204,0.873263896,,
MODEL6,VGG-16-B,170,0.174205184,0.941410482,0.348330706,0.8671875,,
MODEL6,VGG-16-B,171,0.185644642,0.938517153,0.347306281,0.871527791,,
MODEL6,VGG-16-B,172,0.18325752,0.937070549,0.36398837,0.860243082,,
MODEL6,VGG-16-B,173,0.174169868,0.939963818,0.349984378,0.862847209,,
MODEL6,VGG-16-B,174,0.182979971,0.93743217,0.372931421,0.849826396,,
MODEL6,VGG-16-B,175,0.173479468,0.941410482,0.380906761,0.84375,,
MODEL6,VGG-16-B,176,0.175027311,0.941048801,0.350550681,0.863715291,,
MODEL6,VGG-16-B,177,0.178005084,0.938878834,0.338285744,0.871527791,,
MODEL6,VGG-16-B,178,0.183267012,0.936347187,0.312176704,0.888888896,,
MODEL6,VGG-16-B,179,0.192002803,0.937070549,0.377682537,0.8515625,,
MODEL6,VGG-16-B,180,0.188054308,0.937793851,0.410818517,0.832465291,,
MODEL6,VGG-16-B,181,0.179324597,0.940325499,0.356385171,0.857638896,,
MODEL6,VGG-16-B,182,0.180660367,0.939240515,0.360054374,0.860243082,,
MODEL6,VGG-16-B,183,0.17598787,0.938155532,0.40545398,0.833333313,,
MODEL6,VGG-16-B,184,0.185899287,0.93743217,0.410668701,0.8359375,,
MODEL6,VGG-16-B,185,0.177087605,0.934900522,0.369359732,0.855902791,,
MODEL6,VGG-16-B,186,0.184845641,0.927305579,0.401281148,0.838541687,,
MODEL6,VGG-16-B,187,0.179793522,0.944665432,0.399732053,0.844618082,,
MODEL6,VGG-16-B,188,0.179982916,0.938878834,0.327034146,0.879340291,,
MODEL6,VGG-16-B,189,0.181974381,0.931645572,0.332298011,0.879340291,,
MODEL6,VGG-16-B,190,0.184048295,0.938878834,0.327983469,0.875868082,,
MODEL6,VGG-16-B,191,0.176072836,0.941772163,0.381333232,0.848958313,,
MODEL6,VGG-16-B,192,0.171348199,0.937793851,0.357481122,0.863715291,,
MODEL6,VGG-16-B,193,0.173131526,0.943181813,0.337237805,0.877604187,,
MODEL6,VGG-16-B,194,0.18002224,0.937070549,0.347049385,0.872395813,,
MODEL6,VGG-16-B,195,0.160193369,0.943218827,0.360223413,0.863715291,,
MODEL6,VGG-16-B,196,0.177122653,0.942133844,0.336302757,0.875868082,,
MODEL6,VGG-16-B,197,0.166417956,0.947558761,0.377355933,0.859375,,
MODEL6,VGG-16-B,198,0.174888566,0.942857146,0.345912546,0.875,,
MODEL6,VGG-16-B,199,0.179227337,0.938155532,0.363604784,0.866319418,,
MODEL7,VGG-16-C,0,0.890069723,0.714828908,0.76415813,0.808562219,,
MODEL7,VGG-16-C,1,0.701385558,0.883166254,0.713045895,0.847334385,,
MODEL7,VGG-16-C,2,0.666538417,0.903214633,0.700636983,0.857027471,,
MODEL7,VGG-16-C,3,0.657524288,0.909782231,0.68886745,0.866720498,,
MODEL7,VGG-16-C,4,0.64105773,0.922917366,0.722013354,0.82714057,,
MODEL7,VGG-16-C,5,0.634737253,0.92741102,0.697035134,0.855411947,,
MODEL7,VGG-16-C,6,0.626044989,0.936398208,0.672948122,0.882067859,,
MODEL7,VGG-16-C,7,0.623686135,0.936398208,0.728610456,0.822293997,,
MODEL7,VGG-16-C,8,0.623102367,0.933978558,0.668367922,0.883683383,,
MODEL7,VGG-16-C,9,0.62456423,0.930867612,0.685278893,0.865105033,,
MODEL7,VGG-16-C,10,0.620678067,0.936398208,0.653946519,0.899030685,,
MODEL7,VGG-16-C,11,0.611930311,0.947113752,0.658428311,0.895799696,,
MODEL7,VGG-16-C,12,0.615317523,0.937780857,0.657086611,0.895799696,,
MODEL7,VGG-16-C,13,0.612638891,0.944348454,0.697268784,0.850565434,,
MODEL7,VGG-16-C,14,0.60821116,0.9474594,0.654535234,0.895799696,,
MODEL7,VGG-16-C,15,0.609324217,0.9474594,0.671385169,0.875605822,,
MODEL7,VGG-16-C,16,0.607776284,0.948842049,0.697996497,0.853796422,,
MODEL7,VGG-16-C,17,0.608789444,0.946768045,0.690124691,0.857835233,,
MODEL7,VGG-16-C,18,0.600735247,0.95748359,0.644415617,0.907108247,,
MODEL7,VGG-16-C,19,0.606762648,0.947805047,0.67880404,0.86752826,,
MODEL7,VGG-16-C,20,0.602328122,0.952298641,0.671323419,0.873990297,,
MODEL7,VGG-16-C,21,0.610402346,0.945039749,0.658305585,0.894184172,,
MODEL7,VGG-16-C,22,0.605532825,0.949533343,0.695131063,0.85298872,,
MODEL7,VGG-16-C,23,0.601984918,0.951607347,0.670949399,0.875605822,,
MODEL7,VGG-16-C,24,0.603030682,0.95126164,0.664771438,0.880452335,,
MODEL7,VGG-16-C,25,0.601518035,0.955063939,0.678571641,0.868336022,,
MODEL7,VGG-16-C,26,0.59896183,0.956792235,0.677871585,0.864297271,,
MODEL7,VGG-16-C,27,0.597579896,0.955755293,0.662737787,0.888529897,,
MODEL7,VGG-16-C,28,0.598742366,0.955755293,0.672302723,0.87156707,,
MODEL7,VGG-16-C,29,0.59813261,0.956792235,0.663492203,0.882067859,,
MODEL7,VGG-16-C,30,0.594694376,0.961285889,0.684587121,0.865105033,,
MODEL7,VGG-16-C,31,0.596703589,0.958866239,0.653722465,0.894991934,,
MODEL7,VGG-16-C,32,0.602753639,0.949187696,0.673481822,0.874798059,,
MODEL7,VGG-16-C,33,0.592704058,0.963014185,0.667851686,0.882067859,,
MODEL7,VGG-16-C,34,0.596091092,0.955409586,0.682367206,0.86752826,,
MODEL7,VGG-16-C,35,0.593795717,0.962668538,0.666935265,0.880452335,,
MODEL7,VGG-16-C,36,0.591712296,0.963359833,0.673360229,0.873182535,,
MODEL7,VGG-16-C,37,0.59996444,0.955063939,0.667511106,0.877221346,,
MODEL7,VGG-16-C,38,0.595229745,0.959211886,0.680493951,0.870759308,,
MODEL7,VGG-16-C,39,0.590968966,0.965088129,0.660603583,0.887722135,,
MODEL7,VGG-16-C,40,0.594095469,0.956792235,0.675849557,0.873182535,,
MODEL7,VGG-16-C,41,0.590046346,0.96370548,0.650677681,0.898222923,,
MODEL7,VGG-16-C,42,0.591034114,0.962668538,0.678144276,0.86752826,,
MODEL7,VGG-16-C,43,0.590828359,0.963014185,0.689124107,0.855411947,,
MODEL7,VGG-16-C,44,0.589329362,0.965779483,0.646398425,0.897415161,,
MODEL7,VGG-16-C,45,0.589834511,0.964051187,0.70025754,0.846526682,,
MODEL7,VGG-16-C,46,0.588366091,0.964396834,0.6565184,0.891760886,,
MODEL7,VGG-16-C,47,0.592693925,0.959557533,0.685279846,0.862681746,,
MODEL7,VGG-16-C,48,0.595858335,0.958174884,0.654810548,0.894991934,,
MODEL7,VGG-16-C,49,0.589208364,0.965433776,0.686055839,0.861873984,,
MODEL8,Resnet-A,0,4.663519859,0.344279289,1.125088334,0.587237477,,
MODEL8,Resnet-A,1,1.283267736,0.495679229,1.047681689,0.530694664,,
MODEL8,Resnet-A,2,0.764395714,0.666436255,0.588416457,0.778675258,,
MODEL8,Resnet-A,3,0.695171058,0.705496013,0.547371149,0.788368344,,
MODEL8,Resnet-A,4,0.70257026,0.675769091,0.691051304,0.670436203,,
MODEL8,Resnet-A,5,0.619935274,0.733840287,0.495931447,0.825525045,,
MODEL8,Resnet-A,6,0.582791924,0.774974048,0.551907122,0.768982232,,
MODEL8,Resnet-A,7,0.558586836,0.791565835,0.522823215,0.761712432,,
MODEL8,Resnet-A,8,0.640618443,0.719322503,0.694327652,0.712439418,,
MODEL8,Resnet-A,9,0.581608951,0.761838913,0.438854158,0.808562219,,
MODEL8,Resnet-A,10,0.51351589,0.79847908,0.43036747,0.840064645,,
MODEL8,Resnet-A,11,0.572293639,0.758036613,0.408908188,0.863489509,,
MODEL8,Resnet-A,12,0.523859441,0.784998298,0.424403429,0.856219709,,
MODEL8,Resnet-A,13,0.562551856,0.756653965,0.393601507,0.869951546,,
MODEL8,Resnet-A,14,0.487134188,0.811959922,0.546591103,0.773020983,,
MODEL8,Resnet-A,15,0.512886584,0.790874541,0.381652266,0.854604185,,
MODEL8,Resnet-A,16,0.458697528,0.827860355,0.640086353,0.726171255,,
MODEL8,Resnet-A,17,0.581166923,0.744555831,0.448196381,0.833602607,,
MODEL8,Resnet-A,18,0.478779554,0.810577273,0.387783438,0.87156707,,
MODEL8,Resnet-A,19,0.414354503,0.850674033,0.533599854,0.78675282,,
MODEL8,Resnet-A,20,0.509705186,0.791220188,0.473401576,0.809369981,,
MODEL8,Resnet-A,21,0.493944854,0.793985486,0.349641919,0.865105033,,
MODEL8,Resnet-A,22,0.401132286,0.852056682,0.403046668,0.846526682,,
MODEL8,Resnet-A,23,0.432534069,0.832008302,0.41079548,0.848949909,,
MODEL8,Resnet-A,24,0.424497128,0.835119247,0.3488608,0.880452335,,
MODEL8,Resnet-A,25,0.433274657,0.841686845,0.372496158,0.869951546,,
MODEL8,Resnet-A,26,0.499888301,0.791220188,0.427119732,0.829563797,,
MODEL8,Resnet-A,27,0.452340335,0.827860355,0.332783759,0.881260097,,
MODEL8,Resnet-A,28,0.467445076,0.816799164,0.576154172,0.783521831,,
MODEL8,Resnet-A,29,0.39335531,0.855167627,0.472210407,0.825525045,,
MODEL8,Resnet-A,30,0.449369758,0.820947111,1.109061956,0.643780291,,
MODEL8,Resnet-A,31,0.45671773,0.819910109,0.358577222,0.86752826,,
MODEL8,Resnet-A,32,0.420288056,0.835119247,0.49315834,0.806138933,,
MODEL8,Resnet-A,33,0.512746572,0.79225719,0.826092243,0.708400667,,
MODEL8,Resnet-A,34,0.450119823,0.826823354,0.468991578,0.806138933,,
MODEL8,Resnet-A,35,0.377041012,0.853784978,0.310644716,0.881260097,,
MODEL8,Resnet-A,36,0.417655915,0.840304196,0.384137541,0.859450698,,
MODEL8,Resnet-A,37,0.387031078,0.850328386,0.34401089,0.865105033,,
MODEL8,Resnet-A,38,0.388195246,0.846871734,0.507708609,0.81260097,,
MODEL8,Resnet-A,39,0.383958101,0.853093684,0.343658507,0.86752826,,
MODEL8,Resnet-A,40,0.331468821,0.880055308,0.334870845,0.869951546,,
MODEL8,Resnet-A,41,0.465812176,0.816799164,0.722930193,0.662358642,,
MODEL8,Resnet-A,42,0.581167161,0.772900105,0.355285823,0.866720498,,
MODEL8,Resnet-A,43,0.417779297,0.836847544,0.386520028,0.857835233,,
MODEL8,Resnet-A,44,0.351460546,0.86104387,0.324706376,0.877221346,,
MODEL8,Resnet-A,45,0.327253848,0.882474959,0.391359836,0.857027471,,
MODEL8,Resnet-A,46,0.351301283,0.867957115,0.315300405,0.875605822,,
MODEL8,Resnet-A,47,0.40401122,0.844452143,0.356395185,0.873990297,,
MODEL8,Resnet-A,48,0.33562094,0.871759415,0.363642186,0.861873984,,
MODEL8,Resnet-A,49,0.375207603,0.853093684,0.344652057,0.869143784,,
MODEL8,Resnet-A,50,0.365745157,0.871413767,0.329813272,0.873990297,,
MODEL8,Resnet-A,51,0.399917066,0.853439331,0.589935124,0.781906307,,
MODEL8,Resnet-A,52,0.436184853,0.821292758,0.594924092,0.785945058,,
MODEL8,Resnet-A,53,0.440675467,0.828897357,0.374429077,0.869143784,,
MODEL8,Resnet-A,54,0.369117051,0.859661222,0.304251343,0.882875621,,
MODEL8,Resnet-A,55,0.371749043,0.853093684,0.377797157,0.868336022,,
MODEL8,Resnet-A,56,0.380801827,0.851365387,0.333649904,0.886914372,,
MODEL8,Resnet-A,57,0.341329932,0.867611468,0.377043307,0.86025846,,
MODEL8,Resnet-A,58,0.357612938,0.861389577,0.379748821,0.856219709,,
MODEL8,Resnet-A,59,0.336726665,0.872796416,0.28647542,0.891760886,,
MODEL8,Resnet-A,60,0.371072948,0.852402329,0.490158111,0.806946695,,
MODEL8,Resnet-A,61,0.328266442,0.878672659,0.318497419,0.891760886,,
MODEL8,Resnet-A,62,0.351936787,0.860352576,0.549070597,0.810177684,,
MODEL8,Resnet-A,63,0.382776171,0.857587278,0.556019008,0.810177684,,
MODEL8,Resnet-A,64,0.345365673,0.868302822,0.435296088,0.84571892,,
MODEL8,Resnet-A,65,0.398948789,0.841686845,0.605397105,0.788368344,,
MODEL8,Resnet-A,66,0.408046842,0.844452143,0.321957052,0.887722135,,
MODEL8,Resnet-A,67,0.325828284,0.873142064,0.41607976,0.844911158,,
MODEL8,Resnet-A,68,0.326259911,0.881437957,0.30066663,0.890953124,,
MODEL8,Resnet-A,69,0.319835961,0.874524713,0.317456245,0.882875621,,
MODEL8,Resnet-A,70,0.326488078,0.880400956,0.300996423,0.883683383,,
MODEL8,Resnet-A,71,0.351443827,0.863117874,0.438243866,0.843295634,,
MODEL8,Resnet-A,72,0.346261621,0.870376766,0.313378781,0.88610661,,
MODEL8,Resnet-A,73,0.380203992,0.850674033,0.311741054,0.883683383,,
MODEL8,Resnet-A,74,0.348017156,0.870031118,0.320119202,0.882875621,,
MODEL8,Resnet-A,75,0.364278585,0.866574466,0.436033785,0.827948332,,
MODEL8,Resnet-A,76,0.362994403,0.866228819,0.332488805,0.882067859,,
MODEL8,Resnet-A,77,0.323690921,0.883857608,0.313534439,0.883683383,,
MODEL8,Resnet-A,78,0.307147354,0.88489455,0.389907479,0.857835233,,
MODEL8,Resnet-A,79,0.341502577,0.867265821,0.378904492,0.86025846,,
MODEL8,Resnet-A,80,0.311075151,0.883166254,0.354243517,0.877221346,,
MODEL8,Resnet-A,81,0.322012544,0.882474959,0.365937918,0.865912735,,
MODEL8,Resnet-A,82,0.332282156,0.869339764,0.392333269,0.85298872,,
MODEL8,Resnet-A,83,0.328829736,0.874179065,0.298735589,0.889337659,,
MODEL8,Resnet-A,84,0.34459275,0.865537524,0.43284145,0.840872347,,
MODEL8,Resnet-A,85,0.388215184,0.845143437,0.448317409,0.849757671,,
MODEL8,Resnet-A,86,0.445375174,0.830625653,0.410382897,0.857027471,,
MODEL8,Resnet-A,87,0.368686825,0.862426519,0.345883727,0.876413584,,
MODEL8,Resnet-A,88,0.373358816,0.862080872,0.440431476,0.836025834,,
MODEL8,Resnet-A,89,0.359410137,0.865883172,0.336899638,0.895799696,,
MODEL8,Resnet-A,90,0.327906102,0.875907362,0.382888854,0.874798059,,
MODEL8,Resnet-A,91,0.346910059,0.863809168,0.424479395,0.847334385,,
MODEL8,Resnet-A,92,0.332479209,0.870376766,0.34576571,0.878029108,,
MODEL8,Resnet-A,93,0.345671803,0.875216067,0.327018172,0.877221346,,
MODEL8,Resnet-A,94,0.340927899,0.868994117,0.322937071,0.883683383,,
MODEL8,Resnet-A,95,0.318706006,0.88109231,0.522155046,0.816639721,,
MODEL8,Resnet-A,96,0.471093208,0.818873167,0.551077783,0.815831959,,
MODEL8,Resnet-A,97,0.305142224,0.889388204,0.391439199,0.861873984,,
MODEL8,Resnet-A,98,0.291817725,0.889733851,0.316024601,0.878836811,,
MODEL8,Resnet-A,99,0.330928475,0.871759415,0.337072015,0.873990297,,
MODEL9,Resnet-B,0,1.618011117,0.343242317,0.931659758,0.618739903,,
MODEL9,Resnet-B,1,0.95631063,0.522986531,0.783568025,0.761712432,,
MODEL9,Resnet-B,2,0.824318588,0.684064984,0.679429054,0.756865919,,
MODEL9,Resnet-B,3,0.759918392,0.682336688,0.649166584,0.769789994,,
MODEL9,Resnet-B,4,0.708123446,0.697891474,0.58016175,0.793214858,,
MODEL9,Resnet-B,5,0.678818762,0.710335314,0.518022001,0.800484657,,
MODEL9,Resnet-B,6,0.63027674,0.75216037,0.508715093,0.805331171,,
MODEL9,Resnet-B,7,0.592011631,0.767023861,0.468562007,0.819063008,,
MODEL9,Resnet-B,8,0.581606627,0.767369509,0.436130792,0.842487872,,
MODEL9,Resnet-B,9,0.548398376,0.784998298,0.528843462,0.764135718,,
MODEL9,Resnet-B,10,0.537325084,0.790874541,0.483878791,0.810177684,,
MODEL9,Resnet-B,11,0.512934089,0.806083679,0.45623216,0.808562219,,
MODEL9,Resnet-B,12,0.499090582,0.808157623,0.428058028,0.807754457,,
MODEL9,Resnet-B,13,0.481683135,0.821292758,0.46858573,0.784329593,,
MODEL9,Resnet-B,14,0.487115264,0.801590025,0.398165286,0.83441031,,
MODEL9,Resnet-B,15,0.468885958,0.817836165,0.385216743,0.850565434,,
MODEL9,Resnet-B,16,0.453047663,0.83235395,0.359010875,0.854604185,,
MODEL9,Resnet-B,17,0.463995278,0.825440705,0.359544784,0.857027471,,
MODEL9,Resnet-B,18,0.444126129,0.826477706,0.327059269,0.876413584,,
MODEL9,Resnet-B,19,0.425116003,0.835119247,0.326424003,0.877221346,,
MODEL9,Resnet-B,20,0.45007357,0.828206003,0.32891351,0.864297271,,
MODEL9,Resnet-B,21,0.41794306,0.843069494,0.394444704,0.83441031,,
MODEL9,Resnet-B,22,0.435990781,0.826823354,0.393752724,0.840872347,,
MODEL9,Resnet-B,23,0.407866657,0.841341197,0.348746955,0.853796422,,
MODEL9,Resnet-B,24,0.41690439,0.835810602,0.366096765,0.846526682,,
MODEL9,Resnet-B,25,0.43576178,0.835119247,0.331388831,0.864297271,,
MODEL9,Resnet-B,26,0.450758606,0.821984112,0.304918975,0.877221346,,
MODEL9,Resnet-B,27,0.387979329,0.858278632,0.331971556,0.868336022,,
MODEL9,Resnet-B,28,0.395684689,0.853439331,0.358765751,0.854604185,,
MODEL9,Resnet-B,29,0.388100415,0.855513334,0.335593313,0.86752826,,
MODEL9,Resnet-B,30,0.395142704,0.846180439,0.414496988,0.831987083,,
MODEL9,Resnet-B,31,0.379707247,0.856550276,0.399675667,0.84571892,,
MODEL9,Resnet-B,32,0.393074512,0.849637032,0.435166895,0.82714057,,
MODEL9,Resnet-B,33,0.373106271,0.859315574,0.322532445,0.872374773,,
MODEL9,Resnet-B,34,0.387960881,0.851711035,0.328907579,0.869951546,,
MODEL9,Resnet-B,35,0.357979596,0.867957115,0.419496596,0.830371559,,
MODEL9,Resnet-B,36,0.369038135,0.863117874,0.316220194,0.877221346,,
MODEL9,Resnet-B,37,0.360056877,0.868302822,0.331114739,0.869143784,,
MODEL9,Resnet-B,38,0.35076192,0.871413767,0.323972374,0.877221346,,
MODEL9,Resnet-B,39,0.370477438,0.86484617,0.331271529,0.866720498,,
MODEL9,Resnet-B,40,0.357073635,0.867957115,0.334555298,0.868336022,,
MODEL9,Resnet-B,41,0.375497818,0.852402329,0.396889448,0.844911158,,
MODEL9,Resnet-B,42,0.379344791,0.850674033,0.313545197,0.875605822,,
MODEL9,Resnet-B,43,0.385282636,0.858278632,0.46766749,0.821486294,,
MODEL9,Resnet-B,44,0.368248582,0.856550276,0.322083443,0.874798059,,
MODEL9,Resnet-B,45,0.366589934,0.853093684,0.312009335,0.882067859,,
MODEL9,Resnet-B,46,0.331936598,0.879363954,0.364207029,0.86025846,,
MODEL9,Resnet-B,47,0.358416885,0.868648469,0.377753556,0.852180958,,
MODEL9,Resnet-B,48,0.390024215,0.850674033,0.30025357,0.882067859,,
MODEL9,Resnet-B,49,0.365000516,0.863463521,0.306064337,0.874798059,,
